{
    "logs": [
        {
            "outputFile": "C:\\Users\\HP\\AndroidStudioProjects\\BeBeautiful\\app\\build\\intermediates\\incremental\\mergeDebugResources\\merged.dir\\values-en-rXC\\values-en-rXC.xml",
            "map": [
                {
                    "source": "C:\\Users\\HP\\.gradle\\caches\\transforms-1\\files-1.1\\appcompat-v7-28.0.0.aar\\786b604649b8945e5789311d6ac55d61\\res\\values-en-rXC\\values-en-rXC.xml",
                    "from": {
                        "startLines": "2,3,4,5,6,7,8,9,10,11,12,13,14,15,16,17,18,19,20,21,22,23,24,25,26,27,28,29",
                        "startColumns": "4,4,4,4,4,4,4,4,4,4,4,4,4,4,4,4,4,4,4,4,4,4,4,4,4,4,4,4",
                        "startOffsets": "105,310,510,719,904,1106,1321,1494,1671,1862,2055,2253,2449,2652,2847,3044,3239,3432,3623,3807,4011,4216,4417,4624,4826,5031,5303,5503",
                        "endColumns": "204,199,208,184,201,214,172,176,190,192,197,195,202,194,196,194,192,190,183,203,204,200,206,201,204,271,199,178",
                        "endOffsets": "305,505,714,899,1101,1316,1489,1666,1857,2050,2248,2444,2647,2842,3039,3234,3427,3618,3802,4006,4211,4412,4619,4821,5026,5298,5498,5677"
                    }
                },
                {
                    "source": "C:\\Users\\HP\\.gradle\\caches\\transforms-1\\files-1.1\\support-compat-28.0.0.aar\\46ffd678ba6360747cb9e67c854112b2\\res\\values-en-rXC\\values-en-rXC.xml",
                    "from": {
                        "startLines": "2",
                        "startColumns": "4",
                        "startOffsets": "55",
                        "endColumns": "202",
                        "endOffsets": "253"
                    },
                    "to": {
                        "startLines": "30",
                        "startColumns": "4",
                        "startOffsets": "5682",
                        "endColumns": "202",
                        "endOffsets": "5880"
                    }
                }
            ]
        }
    ]
}