{
    "logs": [
        {
            "outputFile": "C:\\Users\\HP\\AndroidStudioProjects\\BeBeautiful\\app\\build\\intermediates\\incremental\\mergeDebugResources\\merged.dir\\values-is\\values-is.xml",
            "map": [
                {
                    "source": "C:\\Users\\HP\\.gradle\\caches\\transforms-1\\files-1.1\\support-compat-28.0.0.aar\\46ffd678ba6360747cb9e67c854112b2\\res\\values-is\\values-is.xml",
                    "from": {
                        "startLines": "2",
                        "startColumns": "4",
                        "startOffsets": "55",
                        "endColumns": "100",
                        "endOffsets": "151"
                    },
                    "to": {
                        "startLines": "30",
                        "startColumns": "4",
                        "startOffsets": "2865",
                        "endColumns": "100",
                        "endOffsets": "2961"
                    }
                },
                {
                    "source": "C:\\Users\\HP\\.gradle\\caches\\transforms-1\\files-1.1\\appcompat-v7-28.0.0.aar\\786b604649b8945e5789311d6ac55d61\\res\\values-is\\values-is.xml",
                    "from": {
                        "startLines": "2,3,4,5,6,7,8,9,10,11,12,13,14,15,16,17,18,19,20,21,22,23,24,25,26,27,28,29",
                        "startColumns": "4,4,4,4,4,4,4,4,4,4,4,4,4,4,4,4,4,4,4,4,4,4,4,4,4,4,4,4",
                        "startOffsets": "105,205,302,414,499,600,714,794,874,965,1058,1154,1248,1355,1448,1543,1638,1729,1823,1904,2014,2122,2220,2329,2428,2531,2686,2784",
                        "endColumns": "99,96,111,84,100,113,79,79,90,92,95,93,106,92,94,94,90,93,80,109,107,97,108,98,102,154,97,80",
                        "endOffsets": "200,297,409,494,595,709,789,869,960,1053,1149,1243,1350,1443,1538,1633,1724,1818,1899,2009,2117,2215,2324,2423,2526,2681,2779,2860"
                    }
                }
            ]
        }
    ]
}