{
    "logs": [
        {
            "outputFile": "C:\\Users\\HP\\AndroidStudioProjects\\BeBeautiful\\app\\build\\intermediates\\incremental\\mergeDebugResources\\merged.dir\\values\\values.xml",
            "map": [
                {
                    "source": "C:\\Users\\HP\\.gradle\\caches\\transforms-1\\files-1.1\\coordinatorlayout-28.0.0.aar\\29f32f9182e80d3d3649cb9531578d60\\res\\values\\values.xml",
                    "from": {
                        "startLines": "-1,-1",
                        "startColumns": "-1,-1",
                        "startOffsets": "-1,-1"
                    },
                    "to": {
                        "startLines": "24,2933",
                        "startColumns": "4,4",
                        "startOffsets": "1201,189041",
                        "endLines": "24,2935",
                        "endColumns": "60,12",
                        "endOffsets": "1257,189181"
                    }
                },
                {
                    "source": "C:\\Users\\HP\\AndroidStudioProjects\\BeBeautiful\\app\\src\\main\\res\\values\\styles.xml",
                    "from": {
                        "startLines": "-1,-1,-1,-1",
                        "startColumns": "-1,-1,-1,-1",
                        "startOffsets": "-1,-1,-1,-1"
                    },
                    "to": {
                        "startLines": "600,606,607,611",
                        "startColumns": "4,4,4,4",
                        "startOffsets": "36982,37266,37356,37506",
                        "endLines": "605,606,610,611",
                        "endColumns": "12,89,12,79",
                        "endOffsets": "37261,37351,37501,37581"
                    }
                },
                {
                    "source": "C:\\Users\\HP\\AndroidStudioProjects\\BeBeautiful\\app\\src\\main\\res\\values\\colors.xml",
                    "from": {
                        "startLines": "-1,-1,-1,-1,-1,-1,-1,-1,12,-1,-1",
                        "startColumns": "-1,-1,-1,-1,-1,-1,-1,-1,4,-1,-1",
                        "startOffsets": "-1,-1,-1,-1,-1,-1,-1,-1,498,-1,-1",
                        "endColumns": "-1,-1,-1,-1,-1,-1,-1,-1,37,-1,-1",
                        "endOffsets": "-1,-1,-1,-1,-1,-1,-1,-1,531,-1,-1"
                    },
                    "to": {
                        "startLines": "192,193,194,195,215,216,217,218,251,252,255",
                        "startColumns": "4,4,4,4,4,4,4,4,4,4,4",
                        "startOffsets": "9940,9986,10033,10084,11438,11478,11519,11560,13682,13720,13873",
                        "endColumns": "45,46,50,44,39,40,40,42,37,37,38",
                        "endOffsets": "9981,10028,10079,10124,11473,11514,11555,11598,13715,13753,13907"
                    }
                },
                {
                    "source": "C:\\Users\\HP\\.gradle\\caches\\transforms-1\\files-1.1\\support-compat-28.0.0.aar\\46ffd678ba6360747cb9e67c854112b2\\res\\values\\values.xml",
                    "from": {
                        "startLines": "-1,-1,-1,-1,-1,-1,-1,-1,-1,-1,-1,-1,-1,-1,-1,-1,-1,-1,-1,-1,-1,-1,-1,-1,-1,-1,-1,-1,-1,-1,-1,-1,-1,-1,-1,-1,-1,-1,-1,-1,-1,-1,-1",
                        "startColumns": "-1,-1,-1,-1,-1,-1,-1,-1,-1,-1,-1,-1,-1,-1,-1,-1,-1,-1,-1,-1,-1,-1,-1,-1,-1,-1,-1,-1,-1,-1,-1,-1,-1,-1,-1,-1,-1,-1,-1,-1,-1,-1,-1",
                        "startOffsets": "-1,-1,-1,-1,-1,-1,-1,-1,-1,-1,-1,-1,-1,-1,-1,-1,-1,-1,-1,-1,-1,-1,-1,-1,-1,-1,-1,-1,-1,-1,-1,-1,-1,-1,-1,-1,-1,-1,-1,-1,-1,-1,-1"
                    },
                    "to": {
                        "startLines": "241,242,344,345,346,347,348,349,350,459,460,461,462,463,464,465,466,467,468,469,470,471,472,473,482,483,491,492,504,505,506,507,508,512,534,590,2286,2287,2291,2292,2296,2658,2659",
                        "startColumns": "4,4,4,4,4,4,4,4,4,4,4,4,4,4,4,4,4,4,4,4,4,4,4,4,4,4,4,4,4,4,4,4,4,4,4,4,4,4,4,4,4,4,4",
                        "startOffsets": "12962,13031,19902,19972,20040,20112,20182,20243,20317,27256,27317,27378,27440,27504,27566,27627,27695,27795,27855,27921,27994,28063,28120,28172,28687,28759,29180,29215,29790,29840,29901,29958,29992,30170,31416,36192,147613,147730,147931,148041,148242,172465,172537",
                        "endLines": "241,242,344,345,346,347,348,349,350,459,460,461,462,463,464,465,466,467,468,469,470,471,472,473,482,483,491,492,504,505,506,507,508,512,534,590,2286,2290,2291,2295,2296,2658,2659",
                        "endColumns": "68,62,69,67,71,69,60,73,72,60,60,61,63,61,60,67,99,59,65,72,68,56,51,61,71,75,34,34,49,60,56,33,34,34,69,70,116,12,109,12,128,71,66",
                        "endOffsets": "13026,13089,19967,20035,20107,20177,20238,20312,20385,27312,27373,27435,27499,27561,27622,27690,27790,27850,27916,27989,28058,28115,28167,28229,28754,28830,29210,29245,29835,29896,29953,29987,30022,30200,31481,36258,147725,147926,148036,148237,148366,172532,172599"
                    }
                },
                {
                    "source": "C:\\Users\\HP\\.gradle\\caches\\transforms-1\\files-1.1\\design-28.0.0.aar\\8651fe929614bfcdf1e4106623dae282\\res\\values\\values.xml",
                    "from": {
                        "startLines": "-1,-1,-1,-1,-1,-1,-1,-1,-1,-1,-1,-1,-1,-1,-1,-1,-1,-1,-1,-1,-1,-1,-1,-1,-1,-1,-1,-1,-1,-1,-1,-1,-1,-1,-1,-1,-1,-1,-1,-1,-1,-1,-1,-1,-1,-1,-1,-1,-1,-1,-1,-1,-1,-1,-1,-1,-1,-1,-1,-1,-1,-1,-1,-1,-1,-1,-1,-1,-1,-1,-1,-1,-1,-1,-1,-1,-1,-1,-1,-1,-1,-1,-1,-1,-1,-1,-1,-1,-1,-1,-1,-1,-1,-1,-1,-1,-1,-1,-1,-1,-1,-1,-1,-1,-1,-1,-1,-1,-1,-1,-1,-1,-1,-1,-1,-1,-1,-1,-1,-1,-1,-1,-1,-1,-1,-1,-1,-1,-1,-1,-1,-1,-1,-1,-1,-1,-1,-1,-1,-1,-1,-1,-1,-1,-1,-1,-1,-1,-1,-1,-1,-1,-1,-1,-1,-1,-1,-1,-1,-1,-1,-1,-1,-1,-1,-1,-1,-1,-1,-1,-1,-1,-1,-1,-1,-1,-1,-1,-1,-1,-1,-1,-1,-1,-1,-1,-1,-1,-1,-1,-1,-1,-1,-1,-1,-1,-1,-1,-1,-1,-1,-1,-1,-1,-1,-1,-1,-1,-1,-1,-1,-1,-1,-1,-1,-1,-1,-1,-1,-1,-1,-1,-1,-1,-1,-1,-1,-1,-1,-1,-1,-1,-1,-1,-1,-1,-1,-1,-1,-1,-1,-1,-1,-1,-1,-1,-1,-1,-1,-1,-1,-1,-1,-1,-1,-1,-1,-1,-1,-1,-1,-1,-1,-1,-1,-1,-1,-1,-1,-1,-1,-1,-1,-1,-1,-1,-1,-1,-1,-1,-1,-1,-1,-1,-1,-1,-1,-1,-1,-1,-1,-1,-1,-1,-1,-1,-1,-1,-1,-1,-1,-1,-1,-1,-1,-1,-1,-1,-1,-1,-1,-1,-1,-1,-1,-1,-1,-1,-1,-1,-1",
                        "startColumns": "-1,-1,-1,-1,-1,-1,-1,-1,-1,-1,-1,-1,-1,-1,-1,-1,-1,-1,-1,-1,-1,-1,-1,-1,-1,-1,-1,-1,-1,-1,-1,-1,-1,-1,-1,-1,-1,-1,-1,-1,-1,-1,-1,-1,-1,-1,-1,-1,-1,-1,-1,-1,-1,-1,-1,-1,-1,-1,-1,-1,-1,-1,-1,-1,-1,-1,-1,-1,-1,-1,-1,-1,-1,-1,-1,-1,-1,-1,-1,-1,-1,-1,-1,-1,-1,-1,-1,-1,-1,-1,-1,-1,-1,-1,-1,-1,-1,-1,-1,-1,-1,-1,-1,-1,-1,-1,-1,-1,-1,-1,-1,-1,-1,-1,-1,-1,-1,-1,-1,-1,-1,-1,-1,-1,-1,-1,-1,-1,-1,-1,-1,-1,-1,-1,-1,-1,-1,-1,-1,-1,-1,-1,-1,-1,-1,-1,-1,-1,-1,-1,-1,-1,-1,-1,-1,-1,-1,-1,-1,-1,-1,-1,-1,-1,-1,-1,-1,-1,-1,-1,-1,-1,-1,-1,-1,-1,-1,-1,-1,-1,-1,-1,-1,-1,-1,-1,-1,-1,-1,-1,-1,-1,-1,-1,-1,-1,-1,-1,-1,-1,-1,-1,-1,-1,-1,-1,-1,-1,-1,-1,-1,-1,-1,-1,-1,-1,-1,-1,-1,-1,-1,-1,-1,-1,-1,-1,-1,-1,-1,-1,-1,-1,-1,-1,-1,-1,-1,-1,-1,-1,-1,-1,-1,-1,-1,-1,-1,-1,-1,-1,-1,-1,-1,-1,-1,-1,-1,-1,-1,-1,-1,-1,-1,-1,-1,-1,-1,-1,-1,-1,-1,-1,-1,-1,-1,-1,-1,-1,-1,-1,-1,-1,-1,-1,-1,-1,-1,-1,-1,-1,-1,-1,-1,-1,-1,-1,-1,-1,-1,-1,-1,-1,-1,-1,-1,-1,-1,-1,-1,-1,-1,-1,-1,-1,-1,-1,-1,-1,-1,-1,-1",
                        "startOffsets": "-1,-1,-1,-1,-1,-1,-1,-1,-1,-1,-1,-1,-1,-1,-1,-1,-1,-1,-1,-1,-1,-1,-1,-1,-1,-1,-1,-1,-1,-1,-1,-1,-1,-1,-1,-1,-1,-1,-1,-1,-1,-1,-1,-1,-1,-1,-1,-1,-1,-1,-1,-1,-1,-1,-1,-1,-1,-1,-1,-1,-1,-1,-1,-1,-1,-1,-1,-1,-1,-1,-1,-1,-1,-1,-1,-1,-1,-1,-1,-1,-1,-1,-1,-1,-1,-1,-1,-1,-1,-1,-1,-1,-1,-1,-1,-1,-1,-1,-1,-1,-1,-1,-1,-1,-1,-1,-1,-1,-1,-1,-1,-1,-1,-1,-1,-1,-1,-1,-1,-1,-1,-1,-1,-1,-1,-1,-1,-1,-1,-1,-1,-1,-1,-1,-1,-1,-1,-1,-1,-1,-1,-1,-1,-1,-1,-1,-1,-1,-1,-1,-1,-1,-1,-1,-1,-1,-1,-1,-1,-1,-1,-1,-1,-1,-1,-1,-1,-1,-1,-1,-1,-1,-1,-1,-1,-1,-1,-1,-1,-1,-1,-1,-1,-1,-1,-1,-1,-1,-1,-1,-1,-1,-1,-1,-1,-1,-1,-1,-1,-1,-1,-1,-1,-1,-1,-1,-1,-1,-1,-1,-1,-1,-1,-1,-1,-1,-1,-1,-1,-1,-1,-1,-1,-1,-1,-1,-1,-1,-1,-1,-1,-1,-1,-1,-1,-1,-1,-1,-1,-1,-1,-1,-1,-1,-1,-1,-1,-1,-1,-1,-1,-1,-1,-1,-1,-1,-1,-1,-1,-1,-1,-1,-1,-1,-1,-1,-1,-1,-1,-1,-1,-1,-1,-1,-1,-1,-1,-1,-1,-1,-1,-1,-1,-1,-1,-1,-1,-1,-1,-1,-1,-1,-1,-1,-1,-1,-1,-1,-1,-1,-1,-1,-1,-1,-1,-1,-1,-1,-1,-1,-1,-1,-1,-1,-1,-1,-1,-1,-1,-1,-1"
                    },
                    "to": {
                        "startLines": "11,12,13,14,17,18,19,20,30,32,142,143,144,145,146,147,148,149,150,151,152,153,154,155,156,157,158,159,160,161,162,163,164,169,196,197,198,199,200,201,202,203,204,205,206,233,234,235,236,237,238,239,240,351,352,353,354,355,356,357,358,359,360,361,362,363,364,365,366,367,368,369,370,371,372,373,374,375,376,377,378,379,380,381,382,383,384,385,386,387,388,389,390,391,392,393,394,411,412,413,414,415,416,417,418,419,420,421,422,423,424,425,426,427,428,429,430,431,432,433,434,435,436,437,438,439,440,441,442,443,444,445,446,447,448,449,450,451,452,453,454,455,456,457,458,493,494,501,502,509,510,511,519,522,523,526,527,528,529,530,531,532,533,576,577,578,579,580,581,582,583,584,585,586,587,588,596,872,873,874,879,880,884,890,894,895,896,897,908,909,910,914,920,924,994,995,996,1026,1046,1092,1122,1142,1162,1208,1212,1952,1966,2007,2015,2150,2151,2152,2153,2297,2300,2301,2304,2307,2308,2311,2315,2320,2328,2336,2345,2353,2357,2365,2373,2381,2389,2397,2406,2415,2423,2432,2470,2472,2477,2479,2484,2488,2492,2493,2498,2499,2500,2501,2502,2503,2505,2506,2511,2512,2513,2514,2515,2516,2517,2519,2523,2527,2531,2542,2543,2544,2545,2546,2547,2548,2549,2550,2553,2557,2560,2660,2668,2675,2684,2688,2703,2711,2714,2723,2728,2739,2747,2750,2759,2766,2767,2786,2789,2795,2798,2807,2810,2813,2816,2819,2822,2826,2829,2838,2841,2849,2854,2862,2867,2871,2872,2883,2890,2894,2898,2899,2903,2911,2915,2920,2925",
                        "startColumns": "4,4,4,4,4,4,4,4,4,4,4,4,4,4,4,4,4,4,4,4,4,4,4,4,4,4,4,4,4,4,4,4,4,4,4,4,4,4,4,4,4,4,4,4,4,4,4,4,4,4,4,4,4,4,4,4,4,4,4,4,4,4,4,4,4,4,4,4,4,4,4,4,4,4,4,4,4,4,4,4,4,4,4,4,4,4,4,4,4,4,4,4,4,4,4,4,4,4,4,4,4,4,4,4,4,4,4,4,4,4,4,4,4,4,4,4,4,4,4,4,4,4,4,4,4,4,4,4,4,4,4,4,4,4,4,4,4,4,4,4,4,4,4,4,4,4,4,4,4,4,4,4,4,4,4,4,4,4,4,4,4,4,4,4,4,4,4,4,4,4,4,4,4,4,4,4,4,4,4,4,4,4,4,4,4,4,4,4,4,4,4,4,4,4,4,4,4,4,4,4,4,4,4,4,4,4,4,4,4,4,4,4,4,4,4,4,4,4,4,4,4,4,4,4,4,4,4,4,4,4,4,4,4,4,4,4,4,4,4,4,4,4,4,4,4,4,4,4,4,4,4,4,4,4,4,4,4,4,4,4,4,4,4,4,4,4,4,4,4,4,4,4,4,4,4,4,4,4,4,4,4,4,4,4,4,4,4,4,4,4,4,4,4,4,4,4,4,4,4,4,4,4,4,4,4,4,4,4,4,4,4,4,4,4,4,4,4,4,4,4,4",
                        "startOffsets": "502,558,618,679,834,887,945,993,1444,1534,6681,6739,6799,6857,6903,6963,7016,7062,7112,7159,7217,7275,7334,7394,7456,7518,7580,7642,7704,7766,7827,7889,7951,8221,10129,10203,10266,10334,10415,10479,10545,10615,10685,10755,10825,12410,12473,12538,12604,12657,12733,12799,12886,20390,20444,20523,20601,20674,20739,20802,20868,20939,21010,21072,21141,21207,21274,21341,21397,21448,21501,21553,21607,21678,21741,21800,21862,21921,21994,22061,22121,22184,22259,22331,22402,22458,22529,22586,22643,22709,22773,22844,22901,22954,23017,23069,23127,24406,24472,24538,24619,24694,24750,24803,24864,24922,24972,25021,25070,25119,25181,25233,25278,25359,25413,25466,25520,25571,25620,25671,25732,25793,25855,25905,25946,25996,26044,26106,26157,26206,26275,26336,26392,26463,26528,26597,26648,26711,26781,26850,26920,26982,27052,27122,27197,29250,29308,29656,29701,30027,30074,30119,30503,30677,30743,30922,30985,31057,31114,31171,31231,31289,31359,34347,34492,34613,34717,34804,34956,35108,35256,35337,35415,35716,35882,36037,36705,54589,54682,54789,55132,55239,55468,55877,56109,56209,56314,56433,57031,57178,57297,57532,57947,58185,63400,63521,63654,65733,67229,70463,72538,74046,75570,78800,79024,124231,125035,126795,127245,136985,137058,137145,137230,148371,148566,148658,148831,148993,149088,149257,149500,149793,150202,150616,151048,151466,151707,152137,152572,152982,153404,153814,154243,154669,155085,155523,158289,158357,158701,158781,159137,159287,159431,159515,159880,159978,160086,160184,160294,160410,160536,160632,161009,161119,161243,161381,161491,161613,161741,161879,162041,162257,162413,163289,163373,163477,163571,163685,163797,163921,164017,164097,164286,164492,164685,172604,173036,173457,173882,174079,175027,175548,175671,176308,176529,177344,177813,177996,178592,179052,179157,180418,180568,180985,181150,181830,181989,182080,182164,182360,182527,182749,182909,183286,183445,183773,183990,184565,184915,185164,185261,185967,186405,186646,186835,186969,187160,187797,188047,188350,188565",
                        "endLines": "11,12,13,14,17,18,19,20,30,32,142,143,144,145,146,147,148,149,150,151,152,153,154,155,156,157,158,159,160,161,162,163,164,169,196,197,198,199,200,201,202,203,204,205,206,233,234,235,236,237,238,239,240,351,352,353,354,355,356,357,358,359,360,361,362,363,364,365,366,367,368,369,370,371,372,373,374,375,376,377,378,379,380,381,382,383,384,385,386,387,388,389,390,391,392,393,394,411,412,413,414,415,416,417,418,419,420,421,422,423,424,425,426,427,428,429,430,431,432,433,434,435,436,437,438,439,440,441,442,443,444,445,446,447,448,449,450,451,452,453,454,455,456,457,458,493,494,501,502,509,510,511,519,522,523,526,527,528,529,530,531,532,533,576,577,578,579,580,581,582,583,584,585,586,587,588,599,872,873,878,879,883,889,893,894,895,896,907,908,909,913,919,923,924,994,995,1025,1045,1091,1121,1141,1161,1207,1211,1215,1965,2006,2014,2024,2150,2151,2152,2153,2299,2300,2303,2306,2307,2310,2314,2319,2327,2335,2344,2352,2356,2364,2372,2380,2388,2396,2405,2414,2422,2431,2434,2471,2476,2478,2483,2487,2491,2492,2497,2498,2499,2500,2501,2502,2504,2505,2510,2511,2512,2513,2514,2515,2516,2518,2522,2526,2530,2534,2542,2543,2544,2545,2546,2547,2548,2549,2552,2556,2559,2563,2667,2674,2683,2687,2702,2710,2713,2722,2727,2738,2746,2749,2758,2765,2766,2785,2788,2794,2797,2806,2809,2812,2815,2818,2821,2825,2828,2837,2840,2848,2853,2861,2866,2870,2871,2882,2889,2893,2897,2898,2902,2910,2914,2919,2924,2932",
                        "endColumns": "55,59,60,54,52,57,47,48,44,52,57,59,57,45,59,52,45,49,46,57,57,58,59,61,61,61,61,61,61,60,61,61,52,61,73,62,67,80,63,65,69,69,69,69,66,62,64,65,52,75,65,86,75,53,78,77,72,64,62,65,70,70,61,68,65,66,66,55,50,52,51,53,70,62,58,61,58,72,66,59,62,74,71,70,55,70,56,56,65,63,70,56,52,62,51,57,66,65,65,80,74,55,52,60,57,49,48,48,48,61,51,44,80,53,52,53,50,48,50,60,60,61,49,40,49,47,61,50,48,68,60,55,70,64,68,50,62,69,68,69,61,69,69,74,58,57,61,44,42,46,44,50,47,65,61,62,71,56,56,59,57,69,56,144,120,103,86,151,151,147,80,77,300,165,154,101,10,92,106,10,106,10,10,10,99,104,118,10,146,118,10,10,10,111,120,132,10,10,10,10,10,10,10,10,10,10,10,10,10,72,86,84,98,10,91,10,10,94,10,10,10,10,10,10,10,10,10,10,10,10,10,10,10,10,10,10,10,10,10,10,10,10,83,10,97,107,97,109,115,10,95,10,109,123,137,109,121,127,10,10,10,10,10,83,103,93,113,111,123,95,79,10,10,10,10,10,10,10,10,10,10,10,10,10,10,10,10,10,10,104,10,10,10,10,10,10,10,10,10,10,10,10,10,10,10,10,10,10,10,96,10,10,10,10,133,10,10,10,10,10,10",
                        "endOffsets": "553,613,674,729,882,940,988,1037,1484,1582,6734,6794,6852,6898,6958,7011,7057,7107,7154,7212,7270,7329,7389,7451,7513,7575,7637,7699,7761,7822,7884,7946,7999,8278,10198,10261,10329,10410,10474,10540,10610,10680,10750,10820,10887,12468,12533,12599,12652,12728,12794,12881,12957,20439,20518,20596,20669,20734,20797,20863,20934,21005,21067,21136,21202,21269,21336,21392,21443,21496,21548,21602,21673,21736,21795,21857,21916,21989,22056,22116,22179,22254,22326,22397,22453,22524,22581,22638,22704,22768,22839,22896,22949,23012,23064,23122,23189,24467,24533,24614,24689,24745,24798,24859,24917,24967,25016,25065,25114,25176,25228,25273,25354,25408,25461,25515,25566,25615,25666,25727,25788,25850,25900,25941,25991,26039,26101,26152,26201,26270,26331,26387,26458,26523,26592,26643,26706,26776,26845,26915,26977,27047,27117,27192,27251,29303,29365,29696,29739,30069,30114,30165,30546,30738,30800,30980,31052,31109,31166,31226,31284,31354,31411,34487,34608,34712,34799,34951,35103,35251,35332,35410,35711,35877,36032,36134,36977,54677,54784,55127,55234,55463,55872,56104,56204,56309,56428,57026,57173,57292,57527,57942,58180,58292,63516,63649,65728,67224,70458,72533,74041,75565,78795,79019,79256,125030,126790,127240,127955,137053,137140,137225,137324,148561,148653,148826,148988,149083,149252,149495,149788,150197,150611,151043,151461,151702,152132,152567,152977,153399,153809,154238,154664,155080,155518,155700,158352,158696,158776,159132,159282,159426,159510,159875,159973,160081,160179,160289,160405,160531,160627,161004,161114,161238,161376,161486,161608,161736,161874,162036,162252,162408,162612,163368,163472,163566,163680,163792,163916,164012,164092,164281,164487,164680,164890,173031,173452,173877,174074,175022,175543,175666,176303,176524,177339,177808,177991,178587,179047,179152,180413,180563,180980,181145,181825,181984,182075,182159,182355,182522,182744,182904,183281,183440,183768,183985,184560,184910,185159,185256,185962,186400,186641,186830,186964,187155,187792,188042,188345,188560,189036"
                    }
                },
                {
                    "source": "C:\\Users\\HP\\.gradle\\caches\\transforms-1\\files-1.1\\constraint-layout-1.1.3.aar\\804455b54811c4864c54c5bb5800c201\\res\\values\\values.xml",
                    "from": {
                        "startLines": "-1,-1,-1,-1,-1,-1,-1,-1,-1,-1,-1,-1,-1,-1,-1,-1,-1,-1,-1,-1,-1,-1,-1,-1,-1,-1,-1,-1,-1,-1,-1,-1,-1,-1,-1,-1,-1,-1,-1,-1,-1,-1,-1,-1,-1,-1,-1,-1,-1,-1,-1,-1,-1,-1,-1,-1,-1",
                        "startColumns": "-1,-1,-1,-1,-1,-1,-1,-1,-1,-1,-1,-1,-1,-1,-1,-1,-1,-1,-1,-1,-1,-1,-1,-1,-1,-1,-1,-1,-1,-1,-1,-1,-1,-1,-1,-1,-1,-1,-1,-1,-1,-1,-1,-1,-1,-1,-1,-1,-1,-1,-1,-1,-1,-1,-1,-1,-1",
                        "startOffsets": "-1,-1,-1,-1,-1,-1,-1,-1,-1,-1,-1,-1,-1,-1,-1,-1,-1,-1,-1,-1,-1,-1,-1,-1,-1,-1,-1,-1,-1,-1,-1,-1,-1,-1,-1,-1,-1,-1,-1,-1,-1,-1,-1,-1,-1,-1,-1,-1,-1,-1,-1,-1,-1,-1,-1,-1,-1"
                    },
                    "to": {
                        "startLines": "2,3,16,21,22,23,26,34,35,36,37,40,41,44,47,48,49,50,51,54,57,58,59,60,65,68,71,72,73,78,79,80,83,86,87,90,93,96,99,100,103,106,107,112,113,118,121,124,125,126,127,128,129,130,131,132,133",
                        "startColumns": "4,4,4,4,4,4,4,4,4,4,4,4,4,4,4,4,4,4,4,4,4,4,4,4,4,4,4,4,4,4,4,4,4,4,4,4,4,4,4,4,4,4,4,4,4,4,4,4,4,4,4,4,4,4,4,4,4",
                        "startOffsets": "150,211,786,1042,1094,1155,1317,1636,1697,1757,1827,1960,2028,2157,2283,2345,2410,2478,2545,2668,2793,2860,2925,2990,3171,3292,3413,3479,3546,3756,3825,3891,4016,4142,4209,4335,4462,4587,4714,4779,4905,5028,5093,5301,5368,5548,5668,5788,5853,5915,5977,6039,6098,6158,6219,6280,6339",
                        "endLines": "2,10,16,21,22,23,29,34,35,36,39,40,43,46,47,48,49,50,53,56,57,58,59,64,67,70,71,72,77,78,79,82,85,86,89,92,95,98,99,102,105,106,111,112,117,120,123,124,125,126,127,128,129,130,131,132,141",
                        "endColumns": "60,11,47,51,60,45,11,60,59,69,11,67,11,11,61,64,67,66,11,11,66,64,64,11,11,11,65,66,11,68,65,11,11,66,11,11,11,11,64,11,11,64,11,66,11,11,11,64,61,61,61,58,59,60,60,58,11",
                        "endOffsets": "206,497,829,1089,1150,1196,1439,1692,1752,1822,1955,2023,2152,2278,2340,2405,2473,2540,2663,2788,2855,2920,2985,3166,3287,3408,3474,3541,3751,3820,3886,4011,4137,4204,4330,4457,4582,4709,4774,4900,5023,5088,5296,5363,5543,5663,5783,5848,5910,5972,6034,6093,6153,6214,6275,6334,6676"
                    }
                },
                {
                    "source": "C:\\Users\\HP\\.gradle\\caches\\transforms-1\\files-1.1\\cardview-v7-28.0.0.aar\\6ac163888d7418152e0d6f0ff699478c\\res\\values\\values.xml",
                    "from": {
                        "startLines": "-1,-1,-1,-1,-1,-1,-1,-1,-1,-1,-1,-1",
                        "startColumns": "-1,-1,-1,-1,-1,-1,-1,-1,-1,-1,-1,-1",
                        "startOffsets": "-1,-1,-1,-1,-1,-1,-1,-1,-1,-1,-1,-1"
                    },
                    "to": {
                        "startLines": "15,188,189,190,191,341,342,343,633,2025,2027,2030",
                        "startColumns": "4,4,4,4,4,4,4,4,4,4,4,4",
                        "startOffsets": "734,9691,9752,9814,9876,19732,19791,19848,39037,127960,128024,128150",
                        "endLines": "15,188,189,190,191,341,342,343,639,2026,2029,2032",
                        "endColumns": "51,60,61,61,63,58,56,53,12,12,12,12",
                        "endOffsets": "781,9747,9809,9871,9935,19786,19843,19897,39446,128019,128145,128273"
                    }
                },
                {
                    "source": "C:\\Users\\HP\\.gradle\\caches\\transforms-1\\files-1.1\\transition-28.0.0.aar\\97456afe03708495ee95de52cd66a24f\\res\\values\\values.xml",
                    "from": {
                        "startLines": "-1,-1,-1,-1,-1,-1,-1,-1,-1,-1",
                        "startColumns": "-1,-1,-1,-1,-1,-1,-1,-1,-1,-1",
                        "startOffsets": "-1,-1,-1,-1,-1,-1,-1,-1,-1,-1"
                    },
                    "to": {
                        "startLines": "488,495,498,499,500,513,514,515,516,517",
                        "startColumns": "4,4,4,4,4,4,4,4,4,4",
                        "startOffsets": "29040,29370,29509,29556,29611,30205,30259,30311,30360,30421",
                        "endColumns": "39,42,46,54,44,53,51,48,60,49",
                        "endOffsets": "29075,29408,29551,29606,29651,30254,30306,30355,30416,30466"
                    }
                },
                {
                    "source": "C:\\Users\\HP\\.gradle\\caches\\transforms-1\\files-1.1\\recyclerview-v7-28.0.0.aar\\3e08588fd2992f0d5e4671cf9b6e361b\\res\\values\\values.xml",
                    "from": {
                        "startLines": "-1,-1,-1,-1,-1,-1,-1",
                        "startColumns": "-1,-1,-1,-1,-1,-1,-1",
                        "startOffsets": "-1,-1,-1,-1,-1,-1,-1"
                    },
                    "to": {
                        "startLines": "398,399,400,408,409,410,490",
                        "startColumns": "4,4,4,4,4,4,4",
                        "startOffsets": "23409,23468,23516,24183,24258,24334,29114",
                        "endColumns": "58,47,55,74,75,71,65",
                        "endOffsets": "23463,23511,23567,24253,24329,24401,29175"
                    }
                },
                {
                    "source": "C:\\Users\\HP\\.gradle\\caches\\transforms-1\\files-1.1\\appcompat-v7-28.0.0.aar\\786b604649b8945e5789311d6ac55d61\\res\\values\\values.xml",
                    "from": {
                        "startLines": "-1,-1,-1,-1,-1,-1,-1,-1,-1,-1,-1,-1,-1,-1,-1,-1,-1,-1,-1,-1,-1,-1,-1,-1,-1,-1,-1,-1,-1,-1,-1,-1,-1,-1,-1,-1,-1,-1,-1,-1,-1,-1,-1,-1,-1,-1,-1,-1,-1,-1,-1,-1,-1,-1,-1,-1,-1,-1,-1,-1,-1,-1,-1,-1,-1,-1,-1,-1,-1,-1,-1,-1,-1,-1,-1,-1,-1,-1,-1,-1,-1,-1,-1,-1,-1,-1,-1,-1,-1,-1,-1,-1,-1,-1,-1,-1,-1,-1,-1,-1,-1,-1,-1,-1,-1,-1,-1,-1,-1,-1,-1,-1,-1,-1,-1,-1,-1,-1,-1,-1,-1,-1,-1,-1,-1,-1,-1,-1,-1,-1,-1,-1,-1,-1,-1,-1,-1,-1,-1,-1,-1,-1,-1,-1,-1,-1,-1,-1,-1,-1,-1,-1,-1,-1,-1,-1,-1,-1,-1,-1,-1,-1,-1,-1,-1,-1,-1,-1,-1,-1,-1,-1,-1,-1,-1,-1,-1,-1,-1,-1,-1,-1,-1,-1,-1,-1,-1,-1,-1,-1,-1,-1,-1,-1,-1,-1,-1,-1,-1,-1,-1,-1,-1,-1,-1,-1,-1,-1,-1,-1,-1,-1,-1,-1,-1,-1,-1,-1,-1,-1,-1,-1,-1,-1,-1,-1,-1,-1,-1,-1,-1,-1,-1,-1,-1,-1,-1,-1,-1,-1,-1,-1,-1,-1,-1,-1,-1,-1,-1,-1,-1,-1,-1,-1,-1,-1,-1,-1,-1,-1,-1,-1,-1,-1,-1,-1,-1,-1,-1,-1,-1,-1,-1,-1,-1,-1,-1,-1,-1,-1,-1,-1,-1,-1,-1,-1,-1,-1,-1,-1,-1,-1,-1,-1,-1,-1,-1,-1,-1,-1,-1,-1,-1,-1,-1,-1,-1,-1,-1,-1,-1,-1,-1,-1,-1,-1,-1,-1,-1,-1,-1,-1,-1,-1,-1,-1,-1,-1,-1,-1,-1,-1,-1,-1,-1,-1,-1,-1,-1,-1,-1,-1,-1,-1,-1,-1,-1,-1,-1,-1,-1,-1,-1,-1,-1,-1,-1,-1,-1,-1,-1,-1,-1,-1,-1,-1,-1,-1,-1,-1,-1,-1,-1,-1,-1,-1,-1,-1,-1,-1,-1,-1,-1,-1,-1,-1,-1,-1,-1,-1,-1,-1,-1,-1,-1,-1,-1,-1,-1,-1,-1,-1,-1,-1,-1,-1,-1,-1,-1,-1,-1,-1,-1,-1,-1,-1,-1,-1,-1,-1,-1,-1,-1,-1,-1,-1,-1,-1,-1,-1,-1,-1,-1,-1,-1,-1,-1,-1,-1,-1,-1,-1,-1,-1,-1,-1,-1,-1,-1,-1,-1,-1,-1,-1,-1,-1,-1,-1,-1,-1,-1,-1,-1,-1,-1,-1,-1,-1,-1,-1,-1,-1,-1,-1,-1,-1,-1,-1,-1,-1,-1,-1,-1,-1,-1,-1,-1,-1,-1,-1,-1,-1,-1,-1,-1,-1,-1,-1,-1,-1,-1,-1,-1,-1,-1,-1,-1,-1,-1,-1,-1,-1,-1,-1,-1,-1,-1,-1,-1,-1,-1,-1,-1,-1,-1,-1,-1,-1,-1,-1",
                        "startColumns": "-1,-1,-1,-1,-1,-1,-1,-1,-1,-1,-1,-1,-1,-1,-1,-1,-1,-1,-1,-1,-1,-1,-1,-1,-1,-1,-1,-1,-1,-1,-1,-1,-1,-1,-1,-1,-1,-1,-1,-1,-1,-1,-1,-1,-1,-1,-1,-1,-1,-1,-1,-1,-1,-1,-1,-1,-1,-1,-1,-1,-1,-1,-1,-1,-1,-1,-1,-1,-1,-1,-1,-1,-1,-1,-1,-1,-1,-1,-1,-1,-1,-1,-1,-1,-1,-1,-1,-1,-1,-1,-1,-1,-1,-1,-1,-1,-1,-1,-1,-1,-1,-1,-1,-1,-1,-1,-1,-1,-1,-1,-1,-1,-1,-1,-1,-1,-1,-1,-1,-1,-1,-1,-1,-1,-1,-1,-1,-1,-1,-1,-1,-1,-1,-1,-1,-1,-1,-1,-1,-1,-1,-1,-1,-1,-1,-1,-1,-1,-1,-1,-1,-1,-1,-1,-1,-1,-1,-1,-1,-1,-1,-1,-1,-1,-1,-1,-1,-1,-1,-1,-1,-1,-1,-1,-1,-1,-1,-1,-1,-1,-1,-1,-1,-1,-1,-1,-1,-1,-1,-1,-1,-1,-1,-1,-1,-1,-1,-1,-1,-1,-1,-1,-1,-1,-1,-1,-1,-1,-1,-1,-1,-1,-1,-1,-1,-1,-1,-1,-1,-1,-1,-1,-1,-1,-1,-1,-1,-1,-1,-1,-1,-1,-1,-1,-1,-1,-1,-1,-1,-1,-1,-1,-1,-1,-1,-1,-1,-1,-1,-1,-1,-1,-1,-1,-1,-1,-1,-1,-1,-1,-1,-1,-1,-1,-1,-1,-1,-1,-1,-1,-1,-1,-1,-1,-1,-1,-1,-1,-1,-1,-1,-1,-1,-1,-1,-1,-1,-1,-1,-1,-1,-1,-1,-1,-1,-1,-1,-1,-1,-1,-1,-1,-1,-1,-1,-1,-1,-1,-1,-1,-1,-1,-1,-1,-1,-1,-1,-1,-1,-1,-1,-1,-1,-1,-1,-1,-1,-1,-1,-1,-1,-1,-1,-1,-1,-1,-1,-1,-1,-1,-1,-1,-1,-1,-1,-1,-1,-1,-1,-1,-1,-1,-1,-1,-1,-1,-1,-1,-1,-1,-1,-1,-1,-1,-1,-1,-1,-1,-1,-1,-1,-1,-1,-1,-1,-1,-1,-1,-1,-1,-1,-1,-1,-1,-1,-1,-1,-1,-1,-1,-1,-1,-1,-1,-1,-1,-1,-1,-1,-1,-1,-1,-1,-1,-1,-1,-1,-1,-1,-1,-1,-1,-1,-1,-1,-1,-1,-1,-1,-1,-1,-1,-1,-1,-1,-1,-1,-1,-1,-1,-1,-1,-1,-1,-1,-1,-1,-1,-1,-1,-1,-1,-1,-1,-1,-1,-1,-1,-1,-1,-1,-1,-1,-1,-1,-1,-1,-1,-1,-1,-1,-1,-1,-1,-1,-1,-1,-1,-1,-1,-1,-1,-1,-1,-1,-1,-1,-1,-1,-1,-1,-1,-1,-1,-1,-1,-1,-1,-1,-1,-1,-1,-1,-1,-1,-1,-1,-1,-1,-1,-1,-1,-1,-1,-1,-1,-1,-1,-1,-1,-1,-1,-1,-1,-1,-1,-1,-1,-1,-1,-1,-1,-1,-1,-1,-1,-1,-1,-1,-1",
                        "startOffsets": "-1,-1,-1,-1,-1,-1,-1,-1,-1,-1,-1,-1,-1,-1,-1,-1,-1,-1,-1,-1,-1,-1,-1,-1,-1,-1,-1,-1,-1,-1,-1,-1,-1,-1,-1,-1,-1,-1,-1,-1,-1,-1,-1,-1,-1,-1,-1,-1,-1,-1,-1,-1,-1,-1,-1,-1,-1,-1,-1,-1,-1,-1,-1,-1,-1,-1,-1,-1,-1,-1,-1,-1,-1,-1,-1,-1,-1,-1,-1,-1,-1,-1,-1,-1,-1,-1,-1,-1,-1,-1,-1,-1,-1,-1,-1,-1,-1,-1,-1,-1,-1,-1,-1,-1,-1,-1,-1,-1,-1,-1,-1,-1,-1,-1,-1,-1,-1,-1,-1,-1,-1,-1,-1,-1,-1,-1,-1,-1,-1,-1,-1,-1,-1,-1,-1,-1,-1,-1,-1,-1,-1,-1,-1,-1,-1,-1,-1,-1,-1,-1,-1,-1,-1,-1,-1,-1,-1,-1,-1,-1,-1,-1,-1,-1,-1,-1,-1,-1,-1,-1,-1,-1,-1,-1,-1,-1,-1,-1,-1,-1,-1,-1,-1,-1,-1,-1,-1,-1,-1,-1,-1,-1,-1,-1,-1,-1,-1,-1,-1,-1,-1,-1,-1,-1,-1,-1,-1,-1,-1,-1,-1,-1,-1,-1,-1,-1,-1,-1,-1,-1,-1,-1,-1,-1,-1,-1,-1,-1,-1,-1,-1,-1,-1,-1,-1,-1,-1,-1,-1,-1,-1,-1,-1,-1,-1,-1,-1,-1,-1,-1,-1,-1,-1,-1,-1,-1,-1,-1,-1,-1,-1,-1,-1,-1,-1,-1,-1,-1,-1,-1,-1,-1,-1,-1,-1,-1,-1,-1,-1,-1,-1,-1,-1,-1,-1,-1,-1,-1,-1,-1,-1,-1,-1,-1,-1,-1,-1,-1,-1,-1,-1,-1,-1,-1,-1,-1,-1,-1,-1,-1,-1,-1,-1,-1,-1,-1,-1,-1,-1,-1,-1,-1,-1,-1,-1,-1,-1,-1,-1,-1,-1,-1,-1,-1,-1,-1,-1,-1,-1,-1,-1,-1,-1,-1,-1,-1,-1,-1,-1,-1,-1,-1,-1,-1,-1,-1,-1,-1,-1,-1,-1,-1,-1,-1,-1,-1,-1,-1,-1,-1,-1,-1,-1,-1,-1,-1,-1,-1,-1,-1,-1,-1,-1,-1,-1,-1,-1,-1,-1,-1,-1,-1,-1,-1,-1,-1,-1,-1,-1,-1,-1,-1,-1,-1,-1,-1,-1,-1,-1,-1,-1,-1,-1,-1,-1,-1,-1,-1,-1,-1,-1,-1,-1,-1,-1,-1,-1,-1,-1,-1,-1,-1,-1,-1,-1,-1,-1,-1,-1,-1,-1,-1,-1,-1,-1,-1,-1,-1,-1,-1,-1,-1,-1,-1,-1,-1,-1,-1,-1,-1,-1,-1,-1,-1,-1,-1,-1,-1,-1,-1,-1,-1,-1,-1,-1,-1,-1,-1,-1,-1,-1,-1,-1,-1,-1,-1,-1,-1,-1,-1,-1,-1,-1,-1,-1,-1,-1,-1,-1,-1,-1,-1,-1,-1,-1,-1,-1,-1,-1,-1,-1,-1,-1,-1,-1,-1,-1,-1,-1,-1,-1,-1,-1,-1,-1,-1,-1,-1,-1,-1"
                    },
                    "to": {
                        "startLines": "25,31,33,165,166,167,168,170,171,172,173,174,175,176,177,178,179,180,181,182,183,184,185,186,187,207,208,209,210,211,212,213,214,219,220,221,222,223,224,225,226,227,228,229,230,231,232,243,244,245,246,247,248,249,250,253,254,256,257,258,259,260,261,262,263,264,265,266,267,268,269,270,271,272,273,274,275,276,277,278,279,280,281,282,283,284,285,286,287,288,289,290,291,292,293,294,295,296,297,298,299,300,301,302,303,304,305,306,307,308,309,310,311,312,313,314,315,316,317,318,319,320,321,322,323,324,325,326,327,328,329,330,331,332,333,334,335,336,337,338,339,340,395,396,401,402,403,404,405,406,407,474,475,476,477,478,479,480,481,484,485,486,487,489,496,497,503,518,520,521,524,525,535,536,537,538,539,540,541,542,543,544,545,546,547,548,549,550,551,552,553,554,555,556,557,558,559,560,561,562,563,564,565,566,567,568,569,570,571,572,573,589,591,592,593,594,595,612,620,621,625,629,640,645,651,658,662,666,671,675,679,683,687,691,695,701,705,711,715,721,725,730,734,737,741,747,751,757,761,767,770,774,778,782,786,790,791,792,793,796,799,802,805,809,810,811,812,813,816,818,820,822,827,828,832,838,842,843,845,856,857,861,867,871,925,926,930,957,961,962,966,1216,1383,1409,1577,1603,1634,1642,1648,1662,1684,1689,1694,1704,1713,1722,1726,1733,1741,1748,1749,1758,1761,1764,1768,1772,1776,1779,1780,1784,1788,1798,1803,1810,1816,1817,1820,1824,1829,1831,1833,1836,1839,1841,1845,1848,1855,1858,1861,1865,1867,1871,1873,1875,1877,1881,1889,1897,1909,1915,1924,1927,1938,1941,1946,1947,2033,2091,2154,2155,2165,2174,2175,2177,2181,2184,2187,2190,2193,2196,2199,2202,2206,2209,2212,2215,2219,2222,2226,2230,2231,2232,2233,2234,2235,2236,2237,2238,2239,2240,2241,2242,2243,2244,2245,2246,2247,2248,2249,2250,2252,2254,2255,2256,2257,2258,2259,2260,2261,2263,2264,2266,2267,2269,2271,2272,2274,2275,2276,2277,2278,2279,2281,2282,2283,2284,2285,2435,2437,2439,2441,2442,2443,2444,2445,2446,2447,2448,2449,2450,2451,2452,2453,2455,2456,2457,2458,2459,2460,2462,2466,2535,2536,2537,2538,2539,2540,2541,2564,2566,2568,2570,2572,2574,2575,2576,2577,2579,2581,2583,2584,2585,2586,2587,2588,2589,2590,2591,2592,2593,2594,2597,2598,2599,2600,2602,2604,2605,2607,2608,2610,2612,2614,2615,2616,2617,2618,2619,2620,2621,2622,2623,2624,2625,2627,2628,2629,2630,2632,2633,2634,2635,2636,2638,2640,2642,2644,2645,2646,2647,2648,2649,2650,2651,2652,2653,2654,2655,2656,2657",
                        "startColumns": "4,4,4,4,4,4,4,4,4,4,4,4,4,4,4,4,4,4,4,4,4,4,4,4,4,4,4,4,4,4,4,4,4,4,4,4,4,4,4,4,4,4,4,4,4,4,4,4,4,4,4,4,4,4,4,4,4,4,4,4,4,4,4,4,4,4,4,4,4,4,4,4,4,4,4,4,4,4,4,4,4,4,4,4,4,4,4,4,4,4,4,4,4,4,4,4,4,4,4,4,4,4,4,4,4,4,4,4,4,4,4,4,4,4,4,4,4,4,4,4,4,4,4,4,4,4,4,4,4,4,4,4,4,4,4,4,4,4,4,4,4,4,4,4,4,4,4,4,4,4,4,4,4,4,4,4,4,4,4,4,4,4,4,4,4,4,4,4,4,4,4,4,4,4,4,4,4,4,4,4,4,4,4,4,4,4,4,4,4,4,4,4,4,4,4,4,4,4,4,4,4,4,4,4,4,4,4,4,4,4,4,4,4,4,4,4,4,4,4,4,4,4,4,4,4,4,4,4,4,4,4,4,4,4,4,4,4,4,4,4,4,4,4,4,4,4,4,4,4,4,4,4,4,4,4,4,4,4,4,4,4,4,4,4,4,4,4,4,4,4,4,4,4,4,4,4,4,4,4,4,4,4,4,4,4,4,4,4,4,4,4,4,4,4,4,4,4,4,4,4,4,4,4,4,4,4,4,4,4,4,4,4,4,4,4,4,4,4,4,4,4,4,4,4,4,4,4,4,4,4,4,4,4,4,4,4,4,4,4,4,4,4,4,4,4,4,4,4,4,4,4,4,4,4,4,4,4,4,4,4,4,4,4,4,4,4,4,4,4,4,4,4,4,4,4,4,4,4,4,4,4,4,4,4,4,4,4,4,4,4,4,4,4,4,4,4,4,4,4,4,4,4,4,4,4,4,4,4,4,4,4,4,4,4,4,4,4,4,4,4,4,4,4,4,4,4,4,4,4,4,4,4,4,4,4,4,4,4,4,4,4,4,4,4,4,4,4,4,4,4,4,4,4,4,4,4,4,4,4,4,4,4,4,4,4,4,4,4,4,4,4,4,4,4,4,4,4,4,4,4,4,4,4,4,4,4,4,4,4,4,4,4,4,4,4,4,4,4,4,4,4,4,4,4,4,4,4,4,4,4,4,4,4,4,4,4,4,4,4,4,4,4,4,4,4,4,4,4,4,4",
                        "startOffsets": "1262,1489,1587,8004,8045,8100,8159,8283,8364,8425,8500,8576,8653,8731,8816,8898,8974,9050,9127,9205,9311,9417,9496,9576,9633,10892,10966,11041,11106,11172,11232,11293,11365,11603,11670,11738,11797,11856,11915,11974,12033,12087,12141,12194,12248,12302,12356,13094,13168,13247,13320,13394,13465,13537,13609,13758,13815,13912,13985,14059,14133,14208,14280,14353,14423,14494,14554,14615,14684,14753,14823,14897,14973,15037,15114,15190,15267,15332,15401,15478,15553,15622,15690,15767,15833,15894,15991,16056,16125,16224,16295,16354,16412,16469,16528,16592,16663,16735,16807,16879,16951,17018,17086,17154,17213,17276,17340,17430,17521,17581,17647,17714,17780,17850,17914,17967,18080,18138,18201,18266,18331,18406,18479,18551,18600,18661,18722,18783,18845,18909,18973,19037,19102,19165,19225,19286,19352,19411,19471,19533,19604,19664,23194,23280,23572,23662,23749,23837,23919,24002,24092,28234,28286,28344,28389,28455,28519,28576,28633,28835,28892,28940,28989,29080,29413,29460,29744,30471,30551,30615,30805,30865,31486,31560,31630,31708,31762,31832,31917,31965,32011,32082,32160,32238,32310,32384,32458,32532,32612,32685,32754,32826,32903,32964,33027,33093,33157,33228,33291,33356,33420,33481,33542,33594,33667,33741,33810,33885,33959,34033,34174,36139,36263,36341,36431,36519,36615,37586,38168,38257,38504,38785,39451,39736,40129,40606,40828,41050,41326,41553,41783,42013,42243,42473,42700,43119,43345,43770,44000,44428,44647,44930,45138,45269,45496,45922,46147,46574,46795,47220,47340,47616,47917,48241,48532,48846,48983,49114,49219,49461,49628,49832,50040,50311,50423,50535,50640,50757,50971,51117,51257,51343,51691,51779,52025,52443,52692,52774,52872,53464,53564,53816,54240,54495,58297,58386,58623,60647,60889,60991,61244,79261,89390,90906,101134,102662,104419,105045,105465,106526,107791,108047,108283,108830,109324,109929,110127,110707,111271,111646,111764,112302,112459,112655,112928,113184,113354,113495,113559,113841,114127,114803,115067,115405,115758,115852,116038,116344,116606,116731,116858,117097,117308,117427,117620,117797,118252,118433,118555,118814,118927,119114,119216,119323,119452,119727,120235,120731,121608,121902,122472,122621,123353,123525,123861,123953,128278,132560,137329,137391,137969,138553,138644,138757,138986,139146,139298,139469,139635,139804,139971,140134,140377,140547,140720,140891,141165,141364,141569,141899,141983,142079,142175,142273,142373,142475,142577,142679,142781,142883,142983,143079,143191,143320,143443,143574,143705,143803,143917,144011,144151,144285,144381,144493,144593,144709,144805,144917,145017,145157,145293,145457,145587,145745,145895,146036,146180,146315,146427,146577,146705,146833,146969,147101,147231,147361,147473,155705,155851,155995,156133,156199,156289,156365,156469,156559,156661,156769,156877,156977,157057,157149,157247,157357,157435,157541,157633,157737,157847,157969,158132,162617,162697,162797,162887,162997,163091,163197,164895,164995,165107,165221,165337,165453,165547,165661,165773,165875,165995,166117,166199,166303,166423,166549,166647,166741,166829,166941,167057,167179,167291,167466,167582,167668,167760,167872,167996,168063,168189,168257,168385,168529,168657,168726,168821,168936,169049,169148,169257,169368,169479,169580,169685,169785,169915,170006,170129,170223,170335,170421,170525,170621,170709,170827,170931,171035,171161,171249,171357,171457,171547,171657,171741,171843,171927,171981,172045,172151,172261,172345",
                        "endLines": "25,31,33,165,166,167,168,170,171,172,173,174,175,176,177,178,179,180,181,182,183,184,185,186,187,207,208,209,210,211,212,213,214,219,220,221,222,223,224,225,226,227,228,229,230,231,232,243,244,245,246,247,248,249,250,253,254,256,257,258,259,260,261,262,263,264,265,266,267,268,269,270,271,272,273,274,275,276,277,278,279,280,281,282,283,284,285,286,287,288,289,290,291,292,293,294,295,296,297,298,299,300,301,302,303,304,305,306,307,308,309,310,311,312,313,314,315,316,317,318,319,320,321,322,323,324,325,326,327,328,329,330,331,332,333,334,335,336,337,338,339,340,395,396,401,402,403,404,405,406,407,474,475,476,477,478,479,480,481,484,485,486,487,489,496,497,503,518,520,521,524,525,535,536,537,538,539,540,541,542,543,544,545,546,547,548,549,550,551,552,553,554,555,556,557,558,559,560,561,562,563,564,565,566,567,568,569,570,571,572,573,589,591,592,593,594,595,619,620,624,628,632,644,650,657,661,665,670,674,678,682,686,690,694,700,704,710,714,720,724,729,733,736,740,746,750,756,760,766,769,773,777,781,785,789,790,791,792,795,798,801,804,808,809,810,811,812,815,817,819,821,826,827,831,837,841,842,844,855,856,860,866,870,871,925,929,956,960,961,965,993,1382,1408,1576,1602,1633,1641,1647,1661,1683,1688,1693,1703,1712,1721,1725,1732,1740,1747,1748,1757,1760,1763,1767,1771,1775,1778,1779,1783,1787,1797,1802,1809,1815,1816,1819,1823,1828,1830,1832,1835,1838,1840,1844,1847,1854,1857,1860,1864,1866,1870,1872,1874,1876,1880,1888,1896,1908,1914,1923,1926,1937,1940,1945,1946,1951,2090,2149,2154,2164,2173,2174,2176,2180,2183,2186,2189,2192,2195,2198,2201,2205,2208,2211,2214,2218,2221,2225,2229,2230,2231,2232,2233,2234,2235,2236,2237,2238,2239,2240,2241,2242,2243,2244,2245,2246,2247,2248,2249,2251,2253,2254,2255,2256,2257,2258,2259,2260,2262,2263,2265,2266,2268,2270,2271,2273,2274,2275,2276,2277,2278,2280,2281,2282,2283,2284,2285,2436,2438,2440,2441,2442,2443,2444,2445,2446,2447,2448,2449,2450,2451,2452,2454,2455,2456,2457,2458,2459,2461,2465,2469,2535,2536,2537,2538,2539,2540,2541,2565,2567,2569,2571,2573,2574,2575,2576,2578,2580,2582,2583,2584,2585,2586,2587,2588,2589,2590,2591,2592,2593,2596,2597,2598,2599,2601,2603,2604,2606,2607,2609,2611,2613,2614,2615,2616,2617,2618,2619,2620,2621,2622,2623,2624,2626,2627,2628,2629,2631,2632,2633,2634,2635,2637,2639,2641,2643,2644,2645,2646,2647,2648,2649,2650,2651,2652,2653,2654,2655,2656,2657",
                        "endColumns": "54,44,48,40,54,58,61,80,60,74,75,76,77,84,81,75,75,76,77,105,105,78,79,56,57,73,74,64,65,59,60,71,72,66,67,58,58,58,58,58,53,53,52,53,53,53,53,73,78,72,73,70,71,71,72,56,57,72,73,73,74,71,72,69,70,59,60,68,68,69,73,75,63,76,75,76,64,68,76,74,68,67,76,65,60,96,64,68,98,70,58,57,56,58,63,70,71,71,71,71,66,67,67,58,62,63,89,90,59,65,66,65,69,63,52,112,57,62,64,64,74,72,71,48,60,60,60,61,63,63,63,64,62,59,60,65,58,59,61,70,59,67,85,86,89,86,87,81,82,89,90,51,57,44,65,63,56,56,53,56,47,48,50,33,46,48,45,31,63,61,59,56,73,69,77,53,69,84,47,45,70,77,77,71,73,73,73,79,72,68,71,76,60,62,65,63,70,62,64,63,60,60,51,72,73,68,74,73,73,140,69,52,77,89,87,95,89,12,88,12,12,12,12,12,12,12,12,12,12,12,12,12,12,12,12,12,12,12,12,12,12,12,12,12,12,12,12,12,12,12,12,12,12,12,12,136,130,104,12,12,12,12,12,111,111,104,116,12,12,12,12,12,87,12,12,12,81,12,12,99,12,12,12,93,88,12,12,12,101,12,12,12,12,12,12,12,12,12,12,12,12,12,12,12,12,12,12,12,12,117,12,12,12,12,12,12,12,63,12,12,12,12,12,12,93,12,12,12,12,12,12,12,12,12,12,12,12,12,12,12,12,12,12,12,12,12,12,12,12,12,12,12,12,12,91,12,12,12,61,12,12,90,12,12,12,12,12,12,12,12,12,12,12,12,12,12,12,12,12,83,95,95,97,99,101,101,101,101,101,99,95,111,128,122,130,130,97,113,93,12,12,95,111,99,115,95,111,99,12,135,12,129,12,12,140,12,134,111,149,127,127,12,131,129,129,111,139,12,12,12,65,89,75,103,89,101,107,107,99,79,91,97,12,77,105,91,103,109,12,12,12,79,99,89,109,93,105,91,12,12,12,12,12,93,113,111,12,12,12,81,103,119,125,97,93,87,111,115,121,111,12,115,85,91,12,12,66,12,67,12,12,12,68,94,114,112,98,108,110,110,100,104,99,12,90,122,93,12,85,103,95,87,12,12,12,12,87,107,99,89,109,83,101,83,53,63,105,109,83,119",
                        "endOffsets": "1312,1529,1631,8040,8095,8154,8216,8359,8420,8495,8571,8648,8726,8811,8893,8969,9045,9122,9200,9306,9412,9491,9571,9628,9686,10961,11036,11101,11167,11227,11288,11360,11433,11665,11733,11792,11851,11910,11969,12028,12082,12136,12189,12243,12297,12351,12405,13163,13242,13315,13389,13460,13532,13604,13677,13810,13868,13980,14054,14128,14203,14275,14348,14418,14489,14549,14610,14679,14748,14818,14892,14968,15032,15109,15185,15262,15327,15396,15473,15548,15617,15685,15762,15828,15889,15986,16051,16120,16219,16290,16349,16407,16464,16523,16587,16658,16730,16802,16874,16946,17013,17081,17149,17208,17271,17335,17425,17516,17576,17642,17709,17775,17845,17909,17962,18075,18133,18196,18261,18326,18401,18474,18546,18595,18656,18717,18778,18840,18904,18968,19032,19097,19160,19220,19281,19347,19406,19466,19528,19599,19659,19727,23275,23362,23657,23744,23832,23914,23997,24087,24178,28281,28339,28384,28450,28514,28571,28628,28682,28887,28935,28984,29035,29109,29455,29504,29785,30498,30610,30672,30860,30917,31555,31625,31703,31757,31827,31912,31960,32006,32077,32155,32233,32305,32379,32453,32527,32607,32680,32749,32821,32898,32959,33022,33088,33152,33223,33286,33351,33415,33476,33537,33589,33662,33736,33805,33880,33954,34028,34169,34239,36187,36336,36426,36514,36610,36700,38163,38252,38499,38780,39032,39731,40124,40601,40823,41045,41321,41548,41778,42008,42238,42468,42695,43114,43340,43765,43995,44423,44642,44925,45133,45264,45491,45917,46142,46569,46790,47215,47335,47611,47912,48236,48527,48841,48978,49109,49214,49456,49623,49827,50035,50306,50418,50530,50635,50752,50966,51112,51252,51338,51686,51774,52020,52438,52687,52769,52867,53459,53559,53811,54235,54490,54584,58381,58618,60642,60884,60986,61239,63395,89385,90901,101129,102657,104414,105040,105460,106521,107786,108042,108278,108825,109319,109924,110122,110702,111266,111641,111759,112297,112454,112650,112923,113179,113349,113490,113554,113836,114122,114798,115062,115400,115753,115847,116033,116339,116601,116726,116853,117092,117303,117422,117615,117792,118247,118428,118550,118809,118922,119109,119211,119318,119447,119722,120230,120726,121603,121897,122467,122616,123348,123520,123856,123948,124226,132555,136980,137386,137964,138548,138639,138752,138981,139141,139293,139464,139630,139799,139966,140129,140372,140542,140715,140886,141160,141359,141564,141894,141978,142074,142170,142268,142368,142470,142572,142674,142776,142878,142978,143074,143186,143315,143438,143569,143700,143798,143912,144006,144146,144280,144376,144488,144588,144704,144800,144912,145012,145152,145288,145452,145582,145740,145890,146031,146175,146310,146422,146572,146700,146828,146964,147096,147226,147356,147468,147608,155846,155990,156128,156194,156284,156360,156464,156554,156656,156764,156872,156972,157052,157144,157242,157352,157430,157536,157628,157732,157842,157964,158127,158284,162692,162792,162882,162992,163086,163192,163284,164990,165102,165216,165332,165448,165542,165656,165768,165870,165990,166112,166194,166298,166418,166544,166642,166736,166824,166936,167052,167174,167286,167461,167577,167663,167755,167867,167991,168058,168184,168252,168380,168524,168652,168721,168816,168931,169044,169143,169252,169363,169474,169575,169680,169780,169910,170001,170124,170218,170330,170416,170520,170616,170704,170822,170926,171030,171156,171244,171352,171452,171542,171652,171736,171838,171922,171976,172040,172146,172256,172340,172460"
                    }
                },
                {
                    "source": "C:\\Users\\HP\\AndroidStudioProjects\\BeBeautiful\\app\\src\\main\\res\\values\\dimens.xml",
                    "from": {
                        "startLines": "-1",
                        "startColumns": "-1",
                        "startOffsets": "-1"
                    },
                    "to": {
                        "startLines": "397",
                        "startColumns": "4",
                        "startOffsets": "23367",
                        "endColumns": "41",
                        "endOffsets": "23404"
                    }
                },
                {
                    "source": "C:\\Users\\HP\\AndroidStudioProjects\\BeBeautiful\\app\\src\\main\\res\\values\\strings.xml",
                    "from": {
                        "startLines": "-1,-1",
                        "startColumns": "-1,-1",
                        "startOffsets": "-1,-1"
                    },
                    "to": {
                        "startLines": "574,575",
                        "startColumns": "4,4",
                        "startOffsets": "34244,34297",
                        "endColumns": "52,49",
                        "endOffsets": "34292,34342"
                    }
                }
            ]
        }
    ]
}