[{"name":"C:\\Users\\HP\\.gradle\\caches\\transforms-1\\files-1.1\\design-28.0.0.aar\\8651fe929614bfcdf1e4106623dae282\\jars\\classes.jar","index":0,"scopes":["EXTERNAL_LIBRARIES"],"types":["DEX_ARCHIVE"],"format":"JAR","present":true},{"name":"C:\\Users\\HP\\.gradle\\caches\\transforms-1\\files-1.1\\appcompat-v7-28.0.0.aar\\786b604649b8945e5789311d6ac55d61\\jars\\classes.jar","index":1,"scopes":["EXTERNAL_LIBRARIES"],"types":["DEX_ARCHIVE"],"format":"JAR","present":true},{"name":"C:\\Users\\HP\\.gradle\\caches\\transforms-1\\files-1.1\\constraint-layout-1.1.3.aar\\804455b54811c4864c54c5bb5800c201\\jars\\classes.jar","index":2,"scopes":["EXTERNAL_LIBRARIES"],"types":["DEX_ARCHIVE"],"format":"JAR","present":true},{"name":"C:\\Users\\HP\\.gradle\\caches\\transforms-1\\files-1.1\\support-fragment-28.0.0.aar\\eaf5a2c396f8e754dcee332a18643414\\jars\\classes.jar","index":3,"scopes":["EXTERNAL_LIBRARIES"],"types":["DEX_ARCHIVE"],"format":"JAR","present":true},{"name":"C:\\Users\\HP\\.gradle\\caches\\transforms-1\\files-1.1\\animated-vector-drawable-28.0.0.aar\\a10de5538909a6b97cd5253e6ba61e5b\\jars\\classes.jar","index":4,"scopes":["EXTERNAL_LIBRARIES"],"types":["DEX_ARCHIVE"],"format":"JAR","present":true},{"name":"C:\\Users\\HP\\.gradle\\caches\\transforms-1\\files-1.1\\recyclerview-v7-28.0.0.aar\\3e08588fd2992f0d5e4671cf9b6e361b\\jars\\classes.jar","index":5,"scopes":["EXTERNAL_LIBRARIES"],"types":["DEX_ARCHIVE"],"format":"JAR","present":true},{"name":"C:\\Users\\HP\\.gradle\\caches\\transforms-1\\files-1.1\\support-core-ui-28.0.0.aar\\395a061def0521b63d3e3674120b4216\\jars\\classes.jar","index":6,"scopes":["EXTERNAL_LIBRARIES"],"types":["DEX_ARCHIVE"],"format":"JAR","present":true},{"name":"C:\\Users\\HP\\.gradle\\caches\\transforms-1\\files-1.1\\support-core-utils-28.0.0.aar\\b894c8f9002da851497ba154ad2e2edf\\jars\\classes.jar","index":7,"scopes":["EXTERNAL_LIBRARIES"],"types":["DEX_ARCHIVE"],"format":"JAR","present":true},{"name":"C:\\Users\\HP\\.gradle\\caches\\transforms-1\\files-1.1\\support-vector-drawable-28.0.0.aar\\bb40a77e3dce7d0b6477847c732780ce\\jars\\classes.jar","index":8,"scopes":["EXTERNAL_LIBRARIES"],"types":["DEX_ARCHIVE"],"format":"JAR","present":true},{"name":"C:\\Users\\HP\\.gradle\\caches\\transforms-1\\files-1.1\\transition-28.0.0.aar\\97456afe03708495ee95de52cd66a24f\\jars\\classes.jar","index":9,"scopes":["EXTERNAL_LIBRARIES"],"types":["DEX_ARCHIVE"],"format":"JAR","present":true},{"name":"C:\\Users\\HP\\.gradle\\caches\\transforms-1\\files-1.1\\loader-28.0.0.aar\\ab09800cb56975c652f9520033636a94\\jars\\classes.jar","index":10,"scopes":["EXTERNAL_LIBRARIES"],"types":["DEX_ARCHIVE"],"format":"JAR","present":true},{"name":"C:\\Users\\HP\\.gradle\\caches\\transforms-1\\files-1.1\\viewpager-28.0.0.aar\\ce23877499d33f0e744180a24c16000c\\jars\\classes.jar","index":11,"scopes":["EXTERNAL_LIBRARIES"],"types":["DEX_ARCHIVE"],"format":"JAR","present":true},{"name":"C:\\Users\\HP\\.gradle\\caches\\transforms-1\\files-1.1\\coordinatorlayout-28.0.0.aar\\29f32f9182e80d3d3649cb9531578d60\\jars\\classes.jar","index":12,"scopes":["EXTERNAL_LIBRARIES"],"types":["DEX_ARCHIVE"],"format":"JAR","present":true},{"name":"C:\\Users\\HP\\.gradle\\caches\\transforms-1\\files-1.1\\drawerlayout-28.0.0.aar\\7d7ed11230103000e41f58198c2d9d0a\\jars\\classes.jar","index":13,"scopes":["EXTERNAL_LIBRARIES"],"types":["DEX_ARCHIVE"],"format":"JAR","present":true},{"name":"C:\\Users\\HP\\.gradle\\caches\\transforms-1\\files-1.1\\slidingpanelayout-28.0.0.aar\\b6f294dc931233f81bf518ca1714c2fe\\jars\\classes.jar","index":14,"scopes":["EXTERNAL_LIBRARIES"],"types":["DEX_ARCHIVE"],"format":"JAR","present":true},{"name":"C:\\Users\\HP\\.gradle\\caches\\transforms-1\\files-1.1\\customview-28.0.0.aar\\8dfffff02b6aed5452ed78002d17ba72\\jars\\classes.jar","index":15,"scopes":["EXTERNAL_LIBRARIES"],"types":["DEX_ARCHIVE"],"format":"JAR","present":true},{"name":"C:\\Users\\HP\\.gradle\\caches\\transforms-1\\files-1.1\\swiperefreshlayout-28.0.0.aar\\0e8a7a9d18df7ae086d4a4cf517231c5\\jars\\classes.jar","index":16,"scopes":["EXTERNAL_LIBRARIES"],"types":["DEX_ARCHIVE"],"format":"JAR","present":true},{"name":"C:\\Users\\HP\\.gradle\\caches\\transforms-1\\files-1.1\\asynclayoutinflater-28.0.0.aar\\a604296f6a27d70bd761b041a935bf62\\jars\\classes.jar","index":17,"scopes":["EXTERNAL_LIBRARIES"],"types":["DEX_ARCHIVE"],"format":"JAR","present":true},{"name":"C:\\Users\\HP\\.gradle\\caches\\transforms-1\\files-1.1\\support-compat-28.0.0.aar\\46ffd678ba6360747cb9e67c854112b2\\jars\\classes.jar","index":18,"scopes":["EXTERNAL_LIBRARIES"],"types":["DEX_ARCHIVE"],"format":"JAR","present":true},{"name":"C:\\Users\\HP\\.gradle\\caches\\transforms-1\\files-1.1\\versionedparcelable-28.0.0.aar\\f2bed2eeb3d02971f939e447e0fb6df3\\jars\\classes.jar","index":19,"scopes":["EXTERNAL_LIBRARIES"],"types":["DEX_ARCHIVE"],"format":"JAR","present":true},{"name":"C:\\Users\\HP\\.gradle\\caches\\modules-2\\files-2.1\\com.android.support\\collections\\28.0.0\\c1bcdade4d3cc2836130424a3f3e4182c666a745\\collections-28.0.0.jar","index":20,"scopes":["EXTERNAL_LIBRARIES"],"types":["DEX_ARCHIVE"],"format":"JAR","present":true},{"name":"C:\\Users\\HP\\.gradle\\caches\\transforms-1\\files-1.1\\cursoradapter-28.0.0.aar\\84e7d7c43d5e0f82dfa287b50aa72d43\\jars\\classes.jar","index":21,"scopes":["EXTERNAL_LIBRARIES"],"types":["DEX_ARCHIVE"],"format":"JAR","present":true},{"name":"C:\\Users\\HP\\.gradle\\caches\\transforms-1\\files-1.1\\cardview-v7-28.0.0.aar\\6ac163888d7418152e0d6f0ff699478c\\jars\\classes.jar","index":22,"scopes":["EXTERNAL_LIBRARIES"],"types":["DEX_ARCHIVE"],"format":"JAR","present":true},{"name":"C:\\Users\\HP\\.gradle\\caches\\transforms-1\\files-1.1\\runtime-1.1.1.aar\\59cee42a5c26e8d86780d2d483eb9590\\jars\\classes.jar","index":23,"scopes":["EXTERNAL_LIBRARIES"],"types":["DEX_ARCHIVE"],"format":"JAR","present":true},{"name":"C:\\Users\\HP\\.gradle\\caches\\transforms-1\\files-1.1\\documentfile-28.0.0.aar\\c12dc89be168fbacb65f51406963543b\\jars\\classes.jar","index":24,"scopes":["EXTERNAL_LIBRARIES"],"types":["DEX_ARCHIVE"],"format":"JAR","present":true},{"name":"C:\\Users\\HP\\.gradle\\caches\\transforms-1\\files-1.1\\localbroadcastmanager-28.0.0.aar\\0242a9c3fe17163fd36ec11d4f31e571\\jars\\classes.jar","index":25,"scopes":["EXTERNAL_LIBRARIES"],"types":["DEX_ARCHIVE"],"format":"JAR","present":true},{"name":"C:\\Users\\HP\\.gradle\\caches\\transforms-1\\files-1.1\\print-28.0.0.aar\\6930760d36dc5bd31fd172cad4a89a2e\\jars\\classes.jar","index":26,"scopes":["EXTERNAL_LIBRARIES"],"types":["DEX_ARCHIVE"],"format":"JAR","present":true},{"name":"C:\\Users\\HP\\.gradle\\caches\\transforms-1\\files-1.1\\viewmodel-1.1.1.aar\\de808eec18385d863e8a48fc05f0c32e\\jars\\classes.jar","index":27,"scopes":["EXTERNAL_LIBRARIES"],"types":["DEX_ARCHIVE"],"format":"JAR","present":true},{"name":"C:\\Users\\HP\\.gradle\\caches\\transforms-1\\files-1.1\\interpolator-28.0.0.aar\\93dd9e54aa386f74c893784693c01a6c\\jars\\classes.jar","index":28,"scopes":["EXTERNAL_LIBRARIES"],"types":["DEX_ARCHIVE"],"format":"JAR","present":true},{"name":"C:\\Users\\HP\\.gradle\\caches\\transforms-1\\files-1.1\\livedata-1.1.1.aar\\e82af342fcd8a67fa0fb5ca71192cfd4\\jars\\classes.jar","index":29,"scopes":["EXTERNAL_LIBRARIES"],"types":["DEX_ARCHIVE"],"format":"JAR","present":true},{"name":"C:\\Users\\HP\\.gradle\\caches\\transforms-1\\files-1.1\\livedata-core-1.1.1.aar\\92826ceed1e1565ebbd71dc8af010d26\\jars\\classes.jar","index":30,"scopes":["EXTERNAL_LIBRARIES"],"types":["DEX_ARCHIVE"],"format":"JAR","present":true},{"name":"C:\\Users\\HP\\.gradle\\caches\\modules-2\\files-2.1\\android.arch.lifecycle\\common\\1.1.1\\207a6efae6a3555e326de41f76bdadd9a239cbce\\common-1.1.1.jar","index":31,"scopes":["EXTERNAL_LIBRARIES"],"types":["DEX_ARCHIVE"],"format":"JAR","present":true},{"name":"C:\\Users\\HP\\.gradle\\caches\\transforms-1\\files-1.1\\runtime-1.1.1.aar\\8b0d6de138e0302678a3d86795b72785\\jars\\classes.jar","index":32,"scopes":["EXTERNAL_LIBRARIES"],"types":["DEX_ARCHIVE"],"format":"JAR","present":true},{"name":"C:\\Users\\HP\\.gradle\\caches\\modules-2\\files-2.1\\android.arch.core\\common\\1.1.1\\e55b70d1f5620db124b3e85a7f4bdc7bd48d9f95\\common-1.1.1.jar","index":33,"scopes":["EXTERNAL_LIBRARIES"],"types":["DEX_ARCHIVE"],"format":"JAR","present":true},{"name":"C:\\Users\\HP\\.gradle\\caches\\modules-2\\files-2.1\\com.android.support\\support-annotations\\28.0.0\\ed73f5337a002d1fd24339d5fb08c2c9d9ca60d8\\support-annotations-28.0.0.jar","index":34,"scopes":["EXTERNAL_LIBRARIES"],"types":["DEX_ARCHIVE"],"format":"JAR","present":true},{"name":"C:\\Users\\HP\\.gradle\\caches\\modules-2\\files-2.1\\com.android.support.constraint\\constraint-layout-solver\\1.1.3\\bde0667d7414c16ed62d3cfe993cff7f9d732373\\constraint-layout-solver-1.1.3.jar","index":35,"scopes":["EXTERNAL_LIBRARIES"],"types":["DEX_ARCHIVE"],"format":"JAR","present":true},{"name":"slice_0","index":36,"scopes":["SUB_PROJECTS","PROJECT"],"types":["DEX_ARCHIVE"],"format":"DIRECTORY","present":true},{"name":"slice_1","index":37,"scopes":["SUB_PROJECTS","PROJECT"],"types":["DEX_ARCHIVE"],"format":"DIRECTORY","present":true},{"name":"slice_2","index":38,"scopes":["SUB_PROJECTS","PROJECT"],"types":["DEX_ARCHIVE"],"format":"DIRECTORY","present":true},{"name":"slice_3","index":39,"scopes":["SUB_PROJECTS","PROJECT"],"types":["DEX_ARCHIVE"],"format":"DIRECTORY","present":true},{"name":"slice_4","index":40,"scopes":["SUB_PROJECTS","PROJECT"],"types":["DEX_ARCHIVE"],"format":"DIRECTORY","present":true},{"name":"slice_5","index":41,"scopes":["SUB_PROJECTS","PROJECT"],"types":["DEX_ARCHIVE"],"format":"DIRECTORY","present":true},{"name":"slice_6","index":42,"scopes":["SUB_PROJECTS","PROJECT"],"types":["DEX_ARCHIVE"],"format":"DIRECTORY","present":true},{"name":"slice_7","index":43,"scopes":["SUB_PROJECTS","PROJECT"],"types":["DEX_ARCHIVE"],"format":"DIRECTORY","present":true},{"name":"slice_8","index":44,"scopes":["SUB_PROJECTS","PROJECT"],"types":["DEX_ARCHIVE"],"format":"DIRECTORY","present":true},{"name":"slice_9","index":45,"scopes":["SUB_PROJECTS","PROJECT"],"types":["DEX_ARCHIVE"],"format":"DIRECTORY","present":true},{"name":"C:\\Users\\HP\\AndroidStudioProjects\\BeBeautiful\\app\\build\\intermediates\\incremental-runtime-classes\\debug\\instant-run.jar-0","index":46,"scopes":["MAIN_SPLIT"],"types":["DEX_ARCHIVE"],"format":"JAR","present":true},{"name":"C:\\Users\\HP\\AndroidStudioProjects\\BeBeautiful\\app\\build\\intermediates\\incremental-runtime-classes\\debug\\instant-run.jar-1","index":47,"scopes":["MAIN_SPLIT"],"types":["DEX_ARCHIVE"],"format":"JAR","present":true},{"name":"C:\\Users\\HP\\AndroidStudioProjects\\BeBeautiful\\app\\build\\intermediates\\incremental-runtime-classes\\debug\\instant-run.jar-2","index":48,"scopes":["MAIN_SPLIT"],"types":["DEX_ARCHIVE"],"format":"JAR","present":true},{"name":"C:\\Users\\HP\\AndroidStudioProjects\\BeBeautiful\\app\\build\\intermediates\\incremental-runtime-classes\\debug\\instant-run.jar-3","index":49,"scopes":["MAIN_SPLIT"],"types":["DEX_ARCHIVE"],"format":"JAR","present":true},{"name":"C:\\Users\\HP\\AndroidStudioProjects\\BeBeautiful\\app\\build\\intermediates\\incremental-runtime-classes\\debug\\instant-run.jar-4","index":50,"scopes":["MAIN_SPLIT"],"types":["DEX_ARCHIVE"],"format":"JAR","present":true},{"name":"C:\\Users\\HP\\AndroidStudioProjects\\BeBeautiful\\app\\build\\intermediates\\incremental-runtime-classes\\debug\\instant-run.jar-5","index":51,"scopes":["MAIN_SPLIT"],"types":["DEX_ARCHIVE"],"format":"JAR","present":true},{"name":"C:\\Users\\HP\\AndroidStudioProjects\\BeBeautiful\\app\\build\\intermediates\\incremental-runtime-classes\\debug\\instant-run.jar-6","index":52,"scopes":["MAIN_SPLIT"],"types":["DEX_ARCHIVE"],"format":"JAR","present":true},{"name":"C:\\Users\\HP\\AndroidStudioProjects\\BeBeautiful\\app\\build\\intermediates\\incremental-runtime-classes\\debug\\instant-run.jar-7","index":53,"scopes":["MAIN_SPLIT"],"types":["DEX_ARCHIVE"],"format":"JAR","present":true},{"name":"C:\\Users\\HP\\AndroidStudioProjects\\BeBeautiful\\app\\build\\intermediates\\incremental-runtime-classes\\debug\\instant-run.jar-8","index":54,"scopes":["MAIN_SPLIT"],"types":["DEX_ARCHIVE"],"format":"JAR","present":true},{"name":"C:\\Users\\HP\\AndroidStudioProjects\\BeBeautiful\\app\\build\\intermediates\\incremental-runtime-classes\\debug\\instant-run.jar-9","index":55,"scopes":["MAIN_SPLIT"],"types":["DEX_ARCHIVE"],"format":"JAR","present":true},{"name":"C:\\Users\\HP\\AndroidStudioProjects\\BeBeautiful\\app\\build\\intermediates\\instant_run_app_info_output_file\\debug\\generateDebugInstantRunAppInfo\\instant-run-bootstrap.jar-1","index":57,"scopes":["MAIN_SPLIT"],"types":["DEX_ARCHIVE"],"format":"JAR","present":true}]