[{"name":"slice_0","index":0,"scopes":["SUB_PROJECTS","PROJECT"],"types":["DEX"],"format":"DIRECTORY","present":true},{"name":"slice_1","index":1,"scopes":["SUB_PROJECTS","PROJECT"],"types":["DEX"],"format":"DIRECTORY","present":true},{"name":"slice_2","index":2,"scopes":["SUB_PROJECTS","PROJECT"],"types":["DEX"],"format":"DIRECTORY","present":true},{"name":"slice_3","index":3,"scopes":["SUB_PROJECTS","PROJECT"],"types":["DEX"],"format":"DIRECTORY","present":true},{"name":"slice_4","index":4,"scopes":["SUB_PROJECTS","PROJECT"],"types":["DEX"],"format":"DIRECTORY","present":true},{"name":"slice_5","index":5,"scopes":["SUB_PROJECTS","PROJECT"],"types":["DEX"],"format":"DIRECTORY","present":true},{"name":"slice_6","index":6,"scopes":["SUB_PROJECTS","PROJECT"],"types":["DEX"],"format":"DIRECTORY","present":true},{"name":"slice_7","index":7,"scopes":["SUB_PROJECTS","PROJECT"],"types":["DEX"],"format":"DIRECTORY","present":true},{"name":"slice_8","index":8,"scopes":["SUB_PROJECTS","PROJECT"],"types":["DEX"],"format":"DIRECTORY","present":true},{"name":"slice_9","index":9,"scopes":["SUB_PROJECTS","PROJECT"],"types":["DEX"],"format":"DIRECTORY","present":true},{"name":"C:\\Users\\HP\\AndroidStudioProjects\\BeBeautiful\\app\\build\\intermediates\\transforms\\externalLibsDexMerger\\debug\\0","index":10,"scopes":["EXTERNAL_LIBRARIES"],"types":["DEX"],"format":"DIRECTORY","present":true},{"name":"C:\\Users\\HP\\AndroidStudioProjects\\BeBeautiful\\app\\build\\intermediates\\transforms\\dexBuilder\\debug\\46.jar","index":11,"scopes":["MAIN_SPLIT"],"types":["DEX"],"format":"DIRECTORY","present":true},{"name":"C:\\Users\\HP\\AndroidStudioProjects\\BeBeautiful\\app\\build\\intermediates\\transforms\\dexBuilder\\debug\\47.jar","index":12,"scopes":["MAIN_SPLIT"],"types":["DEX"],"format":"DIRECTORY","present":true},{"name":"C:\\Users\\HP\\AndroidStudioProjects\\BeBeautiful\\app\\build\\intermediates\\transforms\\dexBuilder\\debug\\48.jar","index":13,"scopes":["MAIN_SPLIT"],"types":["DEX"],"format":"DIRECTORY","present":true},{"name":"C:\\Users\\HP\\AndroidStudioProjects\\BeBeautiful\\app\\build\\intermediates\\transforms\\dexBuilder\\debug\\49.jar","index":14,"scopes":["MAIN_SPLIT"],"types":["DEX"],"format":"DIRECTORY","present":true},{"name":"C:\\Users\\HP\\AndroidStudioProjects\\BeBeautiful\\app\\build\\intermediates\\transforms\\dexBuilder\\debug\\50.jar","index":15,"scopes":["MAIN_SPLIT"],"types":["DEX"],"format":"DIRECTORY","present":true},{"name":"C:\\Users\\HP\\AndroidStudioProjects\\BeBeautiful\\app\\build\\intermediates\\transforms\\dexBuilder\\debug\\51.jar","index":16,"scopes":["MAIN_SPLIT"],"types":["DEX"],"format":"DIRECTORY","present":true},{"name":"C:\\Users\\HP\\AndroidStudioProjects\\BeBeautiful\\app\\build\\intermediates\\transforms\\dexBuilder\\debug\\52.jar","index":17,"scopes":["MAIN_SPLIT"],"types":["DEX"],"format":"DIRECTORY","present":true},{"name":"C:\\Users\\HP\\AndroidStudioProjects\\BeBeautiful\\app\\build\\intermediates\\transforms\\dexBuilder\\debug\\53.jar","index":18,"scopes":["MAIN_SPLIT"],"types":["DEX"],"format":"DIRECTORY","present":true},{"name":"C:\\Users\\HP\\AndroidStudioProjects\\BeBeautiful\\app\\build\\intermediates\\transforms\\dexBuilder\\debug\\54.jar","index":19,"scopes":["MAIN_SPLIT"],"types":["DEX"],"format":"DIRECTORY","present":true},{"name":"C:\\Users\\HP\\AndroidStudioProjects\\BeBeautiful\\app\\build\\intermediates\\transforms\\dexBuilder\\debug\\55.jar","index":20,"scopes":["MAIN_SPLIT"],"types":["DEX"],"format":"DIRECTORY","present":true},{"name":"C:\\Users\\HP\\AndroidStudioProjects\\BeBeautiful\\app\\build\\intermediates\\transforms\\dexBuilder\\debug\\57.jar","index":21,"scopes":["MAIN_SPLIT"],"types":["DEX"],"format":"DIRECTORY","present":true},{"name":"externalLibs","index":22,"scopes":["EXTERNAL_LIBRARIES"],"types":["DEX"],"format":"DIRECTORY","present":true}]